n,m,CM_custo,CM_tempo,AGM_custo,AGM_tempo,FM_custo,FM_tempo
264346,733846,186686642878.00,0.170130,261159288.00,0.178163,691.00,1.324551
321270,800172,295629435062.00,0.072338,435798417.00,0.158483,255.00,0.807662
435666,1057066,1104876702568.00,0.123768,1323900090.00,0.177925,559.00,4.256266
